"model","simNumb","simName","env","nic","com","dis","mut","tim"
"OH",1,"oh_00001","Medium","Medium","Medium","Medium","Medium","Medium"
"OH",2,"oh_00002","Medium","Medium","Medium","Medium","Medium","Medium"
"OH",3,"oh_00003","Medium","Medium","Medium","Medium","Medium","Medium"
"OH",4,"oh_00004","Medium","Medium","Medium","Medium","Medium","Medium"
"OH",5,"oh_00005","Medium","Medium","Medium","Medium","Medium","Medium"
"OH",6,"oh_00006","Medium","Medium","Medium","Medium","Medium","Medium"
"OH",7,"oh_00007","Medium","Medium","Medium","Medium","Medium","Medium"
"OH",8,"oh_00008","Medium","Medium","Medium","Medium","Medium","Medium"
"OH",9,"oh_00009","Medium","Medium","Medium","Medium","Medium","Medium"
"OH",10,"oh_00010","Medium","Medium","Medium","Medium","Medium","Medium"
"OH",11,"oh_00011","Medium","Medium","Medium","Medium","Medium","Medium"
"OH",12,"oh_00012","Medium","Medium","Medium","Medium","Medium","Medium"
"OH",13,"oh_00013","Medium","Medium","Medium","Medium","Medium","Medium"
"OH",14,"oh_00014","Medium","Medium","Medium","Medium","Medium","Medium"
"OH",15,"oh_00015","Medium","Medium","Medium","Medium","Medium","Medium"
"OH",16,"oh_00016","Medium","Medium","Medium","Medium","Medium","Medium"
"OH",17,"oh_00017","Medium","Medium","Medium","Medium","Medium","Medium"
"OH",18,"oh_00018","Medium","Medium","Medium","Medium","Medium","Medium"
"OH",19,"oh_00019","Medium","Medium","Medium","Medium","Medium","Medium"
"OH",20,"oh_00020","Medium","Medium","Medium","Medium","Medium","Medium"
"OH",21,"oh_00021","Medium","Medium","Medium","Medium","Medium","Medium"
"OH",22,"oh_00022","Medium","Medium","Medium","Medium","Medium","Medium"
"OH",23,"oh_00023","Medium","Medium","Medium","Medium","Medium","Medium"
"OH",24,"oh_00024","Medium","Medium","Medium","Medium","Medium","Medium"
"OH",25,"oh_00025","Medium","Medium","Medium","Medium","Medium","Medium"
"OH",26,"oh_00026","Medium","Medium","Medium","Medium","Medium","Medium"
"OH",27,"oh_00027","Medium","Medium","Medium","Medium","Medium","Medium"
"OH",28,"oh_00028","Medium","Medium","Medium","Medium","Medium","Medium"
"OH",29,"oh_00029","Medium","Medium","Medium","Medium","Medium","Medium"
"OH",30,"oh_00030","Medium","Medium","Medium","Medium","Medium","Medium"
"OH",31,"oh_00031","Medium","Medium","Medium","Medium","Medium","Medium"
"OH",32,"oh_00032","Medium","Medium","Medium","Medium","Medium","Medium"
"OH",33,"oh_00033","Medium","Medium","Medium","Medium","Medium","Medium"
"OH",34,"oh_00034","Medium","Medium","Medium","Medium","Medium","Medium"
"OH",35,"oh_00035","Medium","Medium","Medium","Medium","Medium","Medium"
"OH",36,"oh_00036","Medium","Medium","Medium","Medium","Medium","Medium"
"OH",37,"oh_00037","Medium","Medium","Medium","Medium","Medium","Medium"
"OH",38,"oh_00038","Medium","Medium","Medium","Medium","Medium","Medium"
"OH",39,"oh_00039","Medium","Medium","Medium","Medium","Medium","Medium"
"OH",40,"oh_00040","Medium","Medium","Medium","Medium","Medium","Medium"
"OH",41,"oh_00041","Medium","Medium","Medium","Medium","Medium","Medium"
"OH",42,"oh_00042","Medium","Medium","Medium","Medium","Medium","Medium"
"OH",43,"oh_00043","Medium","Medium","Medium","Medium","Medium","Medium"
"OH",44,"oh_00044","Medium","Medium","Medium","Medium","Medium","Medium"
"OH",45,"oh_00045","Medium","Medium","Medium","Medium","Medium","Medium"
"OH",46,"oh_00046","Medium","Medium","Medium","Medium","Medium","Medium"
"OH",47,"oh_00047","Medium","Medium","Medium","Medium","Medium","Medium"
"OH",48,"oh_00048","Medium","Medium","Medium","Medium","Medium","Medium"
"OH",49,"oh_00049","Medium","Medium","Medium","Medium","Medium","Medium"
"OH",50,"oh_00050","Medium","Medium","Medium","Medium","Medium","Medium"
"OH",51,"oh_00051","Medium","Medium","Medium","Medium","Medium","Medium"
"OH",52,"oh_00052","Medium","Medium","Medium","Medium","Medium","Medium"
"OH",53,"oh_00053","Medium","Medium","Medium","Medium","Medium","Medium"
"OH",54,"oh_00054","Medium","Medium","Medium","Medium","Medium","Medium"
"OH",55,"oh_00055","Medium","Medium","Medium","Medium","Medium","Medium"
"OH",56,"oh_00056","Medium","Medium","Medium","Medium","Medium","Medium"
"OH",57,"oh_00057","Medium","Medium","Medium","Medium","Medium","Medium"
"OH",58,"oh_00058","Medium","Medium","Medium","Medium","Medium","Medium"
"OH",59,"oh_00059","Medium","Medium","Medium","Medium","Medium","Medium"
"OH",60,"oh_00060","Medium","Medium","Medium","Medium","Medium","Medium"
"OH",61,"oh_00061","Medium","Medium","Medium","Medium","Medium","Medium"
"OH",62,"oh_00062","Medium","Medium","Medium","Medium","Medium","Medium"
"OH",63,"oh_00063","Medium","Medium","Medium","Medium","Medium","Medium"
"OH",64,"oh_00064","Medium","Medium","Medium","Medium","Medium","Medium"
"OH",65,"oh_00065","Medium","Medium","Medium","Medium","Medium","Medium"
"OH",66,"oh_00066","Medium","Medium","Medium","Medium","Medium","Medium"
"OH",67,"oh_00067","Medium","Medium","Medium","Medium","Medium","Medium"
"OH",68,"oh_00068","Medium","Medium","Medium","Medium","Medium","Medium"
"OH",69,"oh_00069","Medium","Medium","Medium","Medium","Medium","Medium"
"OH",70,"oh_00070","Medium","Medium","Medium","Medium","Medium","Medium"
"OH",71,"oh_00071","Medium","Medium","Medium","Medium","Medium","Medium"
"OH",72,"oh_00072","Medium","Medium","Medium","Medium","Medium","Medium"
"OH",73,"oh_00073","Medium","Medium","Medium","Medium","Medium","Medium"
"OH",74,"oh_00074","Medium","Medium","Medium","Medium","Medium","Medium"
"OH",75,"oh_00075","Medium","Medium","Medium","Medium","Medium","Medium"
"OH",76,"oh_00076","Medium","Medium","Medium","Medium","Medium","Medium"
"OH",77,"oh_00077","Medium","Medium","Medium","Medium","Medium","Medium"
"OH",78,"oh_00078","Medium","Medium","Medium","Medium","Medium","Medium"
"OH",79,"oh_00079","Medium","Medium","Medium","Medium","Medium","Medium"
"OH",80,"oh_00080","Medium","Medium","Medium","Medium","Medium","Medium"
"OH",81,"oh_00081","Medium","Medium","Medium","Medium","Medium","Medium"
"OH",82,"oh_00082","Medium","Medium","Medium","Medium","Medium","Medium"
"OH",83,"oh_00083","Medium","Medium","Medium","Medium","Medium","Medium"
"OH",84,"oh_00084","Medium","Medium","Medium","Medium","Medium","Medium"
"OH",85,"oh_00085","Medium","Medium","Medium","Medium","Medium","Medium"
"OH",86,"oh_00086","Medium","Medium","Medium","Medium","Medium","Medium"
"OH",87,"oh_00087","Medium","Medium","Medium","Medium","Medium","Medium"
"OH",88,"oh_00088","Medium","Medium","Medium","Medium","Medium","Medium"
"OH",89,"oh_00089","Medium","Medium","Medium","Medium","Medium","Medium"
"OH",90,"oh_00090","Medium","Medium","Medium","Medium","Medium","Medium"
"OH",91,"oh_00091","Medium","Medium","Medium","Medium","Medium","Medium"
"OH",92,"oh_00092","Medium","Medium","Medium","Medium","Medium","Medium"
"OH",93,"oh_00093","Medium","Medium","Medium","Medium","Medium","Medium"
"OH",94,"oh_00094","Medium","Medium","Medium","Medium","Medium","Medium"
"OH",95,"oh_00095","Medium","Medium","Medium","Medium","Medium","Medium"
"OH",96,"oh_00096","Medium","Medium","Medium","Medium","Medium","Medium"
"OH",97,"oh_00097","Medium","Medium","Medium","Medium","Medium","Medium"
"OH",98,"oh_00098","Medium","Medium","Medium","Medium","Medium","Medium"
"OH",99,"oh_00099","Medium","Medium","Medium","Medium","Medium","Medium"
"OH",100,"oh_00100","Medium","Medium","Medium","Medium","Medium","Medium"
"OH",101,"oh_00101","Medium","Medium","Medium","Medium","Medium","Medium"
"OH",102,"oh_00102","Medium","Medium","Medium","Medium","Medium","Medium"
"OH",103,"oh_00103","Medium","Medium","Medium","Medium","Medium","Medium"
"OH",104,"oh_00104","Medium","Medium","Medium","Medium","Medium","Medium"
"OH",105,"oh_00105","Medium","Medium","Medium","Medium","Medium","Medium"
"OH",106,"oh_00106","Medium","Medium","Medium","Medium","Medium","Medium"
"OH",107,"oh_00107","Medium","Medium","Medium","Medium","Medium","Medium"
"OH",108,"oh_00108","Medium","Medium","Medium","Medium","Medium","Medium"
"OH",109,"oh_00109","Medium","Medium","Medium","Medium","Medium","Medium"
"OH",110,"oh_00110","Medium","Medium","Medium","Medium","Medium","Medium"
"OH",111,"oh_00111","Medium","Medium","Medium","Medium","Medium","Medium"
"OH",112,"oh_00112","Medium","Medium","Medium","Medium","Medium","Medium"
"OH",113,"oh_00113","Medium","Medium","Medium","Medium","Medium","Medium"
"OH",114,"oh_00114","Medium","Medium","Medium","Medium","Medium","Medium"
"OH",115,"oh_00115","Medium","Medium","Medium","Medium","Medium","Medium"
"OH",116,"oh_00116","Medium","Medium","Medium","Medium","Medium","Medium"
"OH",117,"oh_00117","Medium","Medium","Medium","Medium","Medium","Medium"
"OH",118,"oh_00118","Medium","Medium","Medium","Medium","Medium","Medium"
"OH",119,"oh_00119","Medium","Medium","Medium","Medium","Medium","Medium"
"OH",120,"oh_00120","Medium","Medium","Medium","Medium","Medium","Medium"
"OH",121,"oh_00121","Medium","Medium","Medium","Medium","Medium","Medium"
"OH",122,"oh_00122","Medium","Medium","Medium","Medium","Medium","Medium"
"OH",123,"oh_00123","Medium","Medium","Medium","Medium","Medium","Medium"
"OH",124,"oh_00124","Medium","Medium","Medium","Medium","Medium","Medium"
"OH",125,"oh_00125","Medium","Medium","Medium","Medium","Medium","Medium"
"OH",126,"oh_00126","Medium","Medium","Medium","Medium","Medium","Medium"
"OH",127,"oh_00127","Medium","Medium","Medium","Medium","Medium","Medium"
"OH",128,"oh_00128","Medium","Medium","Medium","Medium","Medium","Medium"
"OH",129,"oh_00129","Medium","Medium","Medium","Medium","Medium","Medium"
"OH",130,"oh_00130","Medium","Medium","Medium","Medium","Medium","Medium"
"OH",131,"oh_00131","Medium","Medium","Medium","Medium","Medium","Medium"
"OH",132,"oh_00132","Medium","Medium","Medium","Medium","Medium","Medium"
"OH",133,"oh_00133","Medium","Medium","Medium","Medium","Medium","Medium"
"OH",134,"oh_00134","Medium","Medium","Medium","Medium","Medium","Medium"
"OH",135,"oh_00135","Medium","Medium","Medium","Medium","Medium","Medium"
"OH",136,"oh_00136","Medium","Medium","Medium","Medium","Medium","Medium"
"OH",137,"oh_00137","Medium","Medium","Medium","Medium","Medium","Medium"
"OH",138,"oh_00138","Medium","Medium","Medium","Medium","Medium","Medium"
"OH",139,"oh_00139","Medium","Medium","Medium","Medium","Medium","Medium"
"OH",140,"oh_00140","Medium","Medium","Medium","Medium","Medium","Medium"
"OH",141,"oh_00141","Medium","Medium","Medium","Medium","Medium","Medium"
"OH",142,"oh_00142","Medium","Medium","Medium","Medium","Medium","Medium"
"OH",143,"oh_00143","Medium","Medium","Medium","Medium","Medium","Medium"
"OH",144,"oh_00144","Medium","Medium","Medium","Medium","Medium","Medium"
"OH",145,"oh_00145","Medium","Medium","Medium","Medium","Medium","Medium"
"OH",146,"oh_00146","Medium","Medium","Medium","Medium","Medium","Medium"
"OH",147,"oh_00147","Medium","Medium","Medium","Medium","Medium","Medium"
"OH",148,"oh_00148","Medium","Medium","Medium","Medium","Medium","Medium"
"OH",149,"oh_00149","Medium","Medium","Medium","Medium","Medium","Medium"
"OH",150,"oh_00150","Medium","Medium","Medium","Medium","Medium","Medium"
"OH",151,"oh_00151","Medium","Medium","Medium","Medium","Medium","Medium"
"OH",152,"oh_00152","Medium","Medium","Medium","Medium","Medium","Medium"
"OH",153,"oh_00153","Medium","Medium","Medium","Medium","Medium","Medium"
"OH",154,"oh_00154","Medium","Medium","Medium","Medium","Medium","Medium"
"OH",155,"oh_00155","Medium","Medium","Medium","Medium","Medium","Medium"
"OH",156,"oh_00156","Medium","Medium","Medium","Medium","Medium","Medium"
"OH",157,"oh_00157","Medium","Medium","Medium","Medium","Medium","Medium"
"OH",158,"oh_00158","Medium","Medium","Medium","Medium","Medium","Medium"
"OH",159,"oh_00159","Medium","Medium","Medium","Medium","Medium","Medium"
"OH",160,"oh_00160","Medium","Medium","Medium","Medium","Medium","Medium"
"OH",161,"oh_00161","Medium","Medium","Medium","Medium","Medium","Medium"
"OH",162,"oh_00162","Medium","Medium","Medium","Medium","Medium","Medium"
"OH",163,"oh_00163","Medium","Medium","Medium","Medium","Medium","Medium"
"OH",164,"oh_00164","Medium","Medium","Medium","Medium","Medium","Medium"
"OH",165,"oh_00165","Medium","Medium","Medium","Medium","Medium","Medium"
"OH",166,"oh_00166","Medium","Medium","Medium","Medium","Medium","Medium"
"OH",167,"oh_00167","Medium","Medium","Medium","Medium","Medium","Medium"
"OH",168,"oh_00168","Medium","Medium","Medium","Medium","Medium","Medium"
"OH",169,"oh_00169","Medium","Medium","Medium","Medium","Medium","Medium"
"OH",170,"oh_00170","Medium","Medium","Medium","Medium","Medium","Medium"
"OH",171,"oh_00171","Medium","Medium","Medium","Medium","Medium","Medium"
"OH",172,"oh_00172","Medium","Medium","Medium","Medium","Medium","Medium"
"OH",173,"oh_00173","Medium","Medium","Medium","Medium","Medium","Medium"
"OH",174,"oh_00174","Medium","Medium","Medium","Medium","Medium","Medium"
"OH",175,"oh_00175","Medium","Medium","Medium","Medium","Medium","Medium"
"OH",176,"oh_00176","Medium","Medium","Medium","Medium","Medium","Medium"
"OH",177,"oh_00177","Medium","Medium","Medium","Medium","Medium","Medium"
"OH",178,"oh_00178","Medium","Medium","Medium","Medium","Medium","Medium"
"OH",179,"oh_00179","Medium","Medium","Medium","Medium","Medium","Medium"
"OH",180,"oh_00180","Medium","Medium","Medium","Medium","Medium","Medium"
"OH",181,"oh_00181","Medium","Medium","Medium","Medium","Medium","Medium"
"OH",182,"oh_00182","Medium","Medium","Medium","Medium","Medium","Medium"
"OH",183,"oh_00183","Medium","Medium","Medium","Medium","Medium","Medium"
"OH",184,"oh_00184","Medium","Medium","Medium","Medium","Medium","Medium"
"OH",185,"oh_00185","Medium","Medium","Medium","Medium","Medium","Medium"
"OH",186,"oh_00186","Medium","Medium","Medium","Medium","Medium","Medium"
"OH",187,"oh_00187","Medium","Medium","Medium","Medium","Medium","Medium"
"OH",188,"oh_00188","Medium","Medium","Medium","Medium","Medium","Medium"
"OH",189,"oh_00189","Medium","Medium","Medium","Medium","Medium","Medium"
"OH",190,"oh_00190","Medium","Medium","Medium","Medium","Medium","Medium"
"OH",191,"oh_00191","Medium","Medium","Medium","Medium","Medium","Medium"
"OH",192,"oh_00192","Medium","Medium","Medium","Medium","Medium","Medium"
"OH",193,"oh_00193","Medium","Medium","Medium","Medium","Medium","Medium"
"OH",194,"oh_00194","Medium","Medium","Medium","Medium","Medium","Medium"
"OH",195,"oh_00195","Medium","Medium","Medium","Medium","Medium","Medium"
"OH",196,"oh_00196","Medium","Medium","Medium","Medium","Medium","Medium"
"OH",197,"oh_00197","Medium","Medium","Medium","Medium","Medium","Medium"
"OH",198,"oh_00198","Medium","Medium","Medium","Medium","Medium","Medium"
"OH",199,"oh_00199","Medium","Medium","Medium","Medium","Medium","Medium"
"OH",200,"oh_00200","Medium","Medium","Medium","Medium","Medium","Medium"
"OH",201,"oh_00201","Medium","Medium","Medium","Medium","Medium","Medium"
"OH",202,"oh_00202","Medium","Medium","Medium","Medium","Medium","Medium"
"OH",203,"oh_00203","Medium","Medium","Medium","Medium","Medium","Medium"
"OH",204,"oh_00204","Medium","Medium","Medium","Medium","Medium","Medium"
"OH",205,"oh_00205","Medium","Medium","Medium","Medium","Medium","Medium"
"OH",206,"oh_00206","Medium","Medium","Medium","Medium","Medium","Medium"
"OH",207,"oh_00207","Medium","Medium","Medium","Medium","Medium","Medium"
"OH",208,"oh_00208","Medium","Medium","Medium","Medium","Medium","Medium"
"OH",209,"oh_00209","Medium","Medium","Medium","Medium","Medium","Medium"
"OH",210,"oh_00210","Medium","Medium","Medium","Medium","Medium","Medium"
"OH",211,"oh_00211","Medium","Medium","Medium","Medium","Medium","Medium"
"OH",212,"oh_00212","Medium","Medium","Medium","Medium","Medium","Medium"
"OH",213,"oh_00213","Medium","Medium","Medium","Medium","Medium","Medium"
"OH",214,"oh_00214","Medium","Medium","Medium","Medium","Medium","Medium"
"OH",215,"oh_00215","Medium","Medium","Medium","Medium","Medium","Medium"
"OH",216,"oh_00216","Medium","Medium","Medium","Medium","Medium","Medium"
"OH",217,"oh_00217","Medium","Medium","Medium","Medium","Medium","Medium"
"OH",218,"oh_00218","Medium","Medium","Medium","Medium","Medium","Medium"
"OH",219,"oh_00219","Medium","Medium","Medium","Medium","Medium","Medium"
"OH",220,"oh_00220","Medium","Medium","Medium","Medium","Medium","Medium"
"OH",221,"oh_00221","Medium","Medium","Medium","Medium","Medium","Medium"
"OH",222,"oh_00222","Medium","Medium","Medium","Medium","Medium","Medium"
"OH",223,"oh_00223","Medium","Medium","Medium","Medium","Medium","Medium"
"OH",224,"oh_00224","Medium","Medium","Medium","Medium","Medium","Medium"
"OH",225,"oh_00225","Medium","Medium","Medium","Medium","Medium","Medium"
"OH",226,"oh_00226","Medium","Medium","Medium","Medium","Medium","Medium"
"OH",227,"oh_00227","Medium","Medium","Medium","Medium","Medium","Medium"
"OH",228,"oh_00228","Medium","Medium","Medium","Medium","Medium","Medium"
"OH",229,"oh_00229","Medium","Medium","Medium","Medium","Medium","Medium"
"OH",230,"oh_00230","Medium","Medium","Medium","Medium","Medium","Medium"
"OH",231,"oh_00231","Medium","Medium","Medium","Medium","Medium","Medium"
"OH",232,"oh_00232","Medium","Medium","Medium","Medium","Medium","Medium"
"OH",233,"oh_00233","Medium","Medium","Medium","Medium","Medium","Medium"
"OH",234,"oh_00234","Medium","Medium","Medium","Medium","Medium","Medium"
"OH",235,"oh_00235","Medium","Medium","Medium","Medium","Medium","Medium"
"OH",236,"oh_00236","Medium","Medium","Medium","Medium","Medium","Medium"
"OH",237,"oh_00237","Medium","Medium","Medium","Medium","Medium","Medium"
"OH",238,"oh_00238","Medium","Medium","Medium","Medium","Medium","Medium"
"OH",239,"oh_00239","Medium","Medium","Medium","Medium","Medium","Medium"
"OH",240,"oh_00240","Medium","Medium","Medium","Medium","Medium","Medium"
"OH",241,"oh_00241","Medium","Medium","Medium","Medium","Medium","Medium"
"OH",242,"oh_00242","Medium","Medium","Medium","Medium","Medium","Medium"
"OH",243,"oh_00243","Medium","Medium","Medium","Medium","Medium","Medium"
"OH",244,"oh_00244","Medium","Medium","Medium","Medium","Medium","Medium"
"OH",245,"oh_00245","Medium","Medium","Medium","Medium","Medium","Medium"
"OH",246,"oh_00246","Medium","Medium","Medium","Medium","Medium","Medium"
"OH",247,"oh_00247","Medium","Medium","Medium","Medium","Medium","Medium"
"OH",248,"oh_00248","Medium","Medium","Medium","Medium","Medium","Medium"
"OH",249,"oh_00249","Medium","Medium","Medium","Medium","Medium","Medium"
"OH",250,"oh_00250","Medium","Medium","Medium","Medium","Medium","Medium"
"OH",251,"oh_00251","Medium","Medium","Medium","Medium","Medium","Medium"
"OH",252,"oh_00252","Medium","Medium","Medium","Medium","Medium","Medium"
"OH",253,"oh_00253","Medium","Medium","Medium","Medium","Medium","Medium"
"OH",254,"oh_00254","Medium","Medium","Medium","Medium","Medium","Medium"
"OH",255,"oh_00255","Medium","Medium","Medium","Medium","Medium","Medium"
"OH",256,"oh_00256","Medium","Medium","Medium","Medium","Medium","Medium"
"OH",257,"oh_00257","Medium","Medium","Medium","Medium","Medium","Medium"
"OH",258,"oh_00258","Medium","Medium","Medium","Medium","Medium","Medium"
"OH",259,"oh_00259","Medium","Medium","Medium","Medium","Medium","Medium"
"OH",260,"oh_00260","Medium","Medium","Medium","Medium","Medium","Medium"
"OH",261,"oh_00261","Medium","Medium","Medium","Medium","Medium","Medium"
"OH",262,"oh_00262","Medium","Medium","Medium","Medium","Medium","Medium"
"OH",263,"oh_00263","Medium","Medium","Medium","Medium","Medium","Medium"
"OH",264,"oh_00264","Medium","Medium","Medium","Medium","Medium","Medium"
"OH",265,"oh_00265","Medium","Medium","Medium","Medium","Medium","Medium"
"OH",266,"oh_00266","Medium","Medium","Medium","Medium","Medium","Medium"
"OH",267,"oh_00267","Medium","Medium","Medium","Medium","Medium","Medium"
"OH",268,"oh_00268","Medium","Medium","Medium","Medium","Medium","Medium"
"OH",269,"oh_00269","Medium","Medium","Medium","Medium","Medium","Medium"
"OH",270,"oh_00270","Medium","Medium","Medium","Medium","Medium","Medium"
"OH",271,"oh_00271","Medium","Medium","Medium","Medium","Medium","Medium"
"OH",272,"oh_00272","Medium","Medium","Medium","Medium","Medium","Medium"
"OH",273,"oh_00273","Medium","Medium","Medium","Medium","Medium","Medium"
"OH",274,"oh_00274","Medium","Medium","Medium","Medium","Medium","Medium"
"OH",275,"oh_00275","Medium","Medium","Medium","Medium","Medium","Medium"
"OH",276,"oh_00276","Medium","Medium","Medium","Medium","Medium","Medium"
"OH",277,"oh_00277","Medium","Medium","Medium","Medium","Medium","Medium"
"OH",278,"oh_00278","Medium","Medium","Medium","Medium","Medium","Medium"
"OH",279,"oh_00279","Medium","Medium","Medium","Medium","Medium","Medium"
"OH",280,"oh_00280","Medium","Medium","Medium","Medium","Medium","Medium"
"OH",281,"oh_00281","Medium","Medium","Medium","Medium","Medium","Medium"
"OH",282,"oh_00282","Medium","Medium","Medium","Medium","Medium","Medium"
"OH",283,"oh_00283","Medium","Medium","Medium","Medium","Medium","Medium"
"OH",284,"oh_00284","Medium","Medium","Medium","Medium","Medium","Medium"
"OH",285,"oh_00285","Medium","Medium","Medium","Medium","Medium","Medium"
"OH",286,"oh_00286","Medium","Medium","Medium","Medium","Medium","Medium"
"OH",287,"oh_00287","Medium","Medium","Medium","Medium","Medium","Medium"
"OH",288,"oh_00288","Medium","Medium","Medium","Medium","Medium","Medium"
"OH",289,"oh_00289","Medium","Medium","Medium","Medium","Medium","Medium"
"OH",290,"oh_00290","Medium","Medium","Medium","Medium","Medium","Medium"
"OH",291,"oh_00291","Medium","Medium","Medium","Medium","Medium","Medium"
"OH",292,"oh_00292","Medium","Medium","Medium","Medium","Medium","Medium"
"OH",293,"oh_00293","Medium","Medium","Medium","Medium","Medium","Medium"
"OH",294,"oh_00294","Medium","Medium","Medium","Medium","Medium","Medium"
"OH",295,"oh_00295","Medium","Medium","Medium","Medium","Medium","Medium"
"OH",296,"oh_00296","Medium","Medium","Medium","Medium","Medium","Medium"
"OH",297,"oh_00297","Medium","Medium","Medium","Medium","Medium","Medium"
"OH",298,"oh_00298","Medium","Medium","Medium","Medium","Medium","Medium"
"OH",299,"oh_00299","Medium","Medium","Medium","Medium","Medium","Medium"
"OH",300,"oh_00300","Medium","Medium","Medium","Medium","Medium","Medium"
